date,match_count,github_actions_run_url,run_id,repository,repository_name,sw_version
2026-08-04,2,https://github.com/Scania-Goldcup/BMS_Minions/actions/runs/30865939974,30865939974,Scania-Goldcup/BMS_Minions,BMS_Minions,sw_version.ACO=0b18346; sw_version.ACO (RCSW)=d8b746f+; sw_version.HSE=2.40.0; sw_version.SCO=0b18346#x00#x00#x00#x00#x00#x00#x00#x00; sw_version.SCO (BL)=0b18346#x00#x00#x00#x00#x00#x00#x00#x00; sw_version.Unknown_7=
2026-08-04,2,https://github.com/Scania-Goldcup/BMS_Minions/actions/runs/30879523824,30879523824,Scania-Goldcup/BMS_Minions,BMS_Minions,sw_version.ACO=0b18346; sw_version.ACO (RCSW)=d8b746f+; sw_version.HSE=2.40.0; sw_version.SCO=0b18346#x00#x00#x00#x00#x00#x00#x00#x00; sw_version.SCO (BL)=0b18346#x00#x00#x00#x00#x00#x00#x00#x00; sw_version.Unknown_7=
2026-08-05,4,https://github.com/Scania-Goldcup/BMS_Minions/actions/runs/30963216351,30963216351,Scania-Goldcup/BMS_Minions,BMS_Minions,sw_version.ACO=0b18346; sw_version.ACO (RCSW)=8218463; sw_version.HSE=2.40.0; sw_version.SCO=0b18346#x00#x00#x00#x00#x00#x00#x00#x00; sw_version.SCO (BL)=0b18346#x00#x00#x00#x00#x00#x00#x00#x00; sw_version.Unknown_7=
2026-08-05,2,https://github.com/Scania-Goldcup/BMS_Minions/actions/runs/30963216351,30963216351,Scania-Goldcup/BMS_Minions,BMS_Minions,sw_version.ACO=0b18346; sw_version.ACO (RCSW)=8218463; sw_version.HSE=2.40.0; sw_version.SCO=0b18346#x00#x00#x00#x00#x00#x00#x00#x00; sw_version.SCO (BL)=0b18346#x00#x00#x00#x00#x00#x00#x00#x00; sw_version.Unknown_7=
2026-08-05,4,https://github.com/Scania-Goldcup/BMS_Minions/actions/runs/30963560473,30963560473,Scania-Goldcup/BMS_Minions,BMS_Minions,sw_version.ACO=0b18346; sw_version.ACO (RCSW)=d8b746f+; sw_version.HSE=2.40.0; sw_version.SCO=0b18346#x00#x00#x00#x00#x00#x00#x00#x00; sw_version.SCO (BL)=0b18346#x00#x00#x00#x00#x00#x00#x00#x00; sw_version.Unknown_7=
2026-08-05,4,https://github.com/Scania-Goldcup/BMS_Minions/actions/runs/30976963164,30976963164,Scania-Goldcup/BMS_Minions,BMS_Minions,sw_version.ACO=0b18346; sw_version.ACO (RCSW)=d8b746f+; sw_version.HSE=2.40.0; sw_version.SCO=0b18346#x00#x00#x00#x00#x00#x00#x00#x00; sw_version.SCO (BL)=0b18346#x00#x00#x00#x00#x00#x00#x00#x00; sw_version.Unknown_7=
2026-08-06,4,https://github.com/Scania-Goldcup/BMS_Minions/actions/runs/31059449715,31059449715,Scania-Goldcup/BMS_Minions,BMS_Minions,sw_version.ACO=0b18346; sw_version.ACO (RCSW)=8218463; sw_version.HSE=2.40.0; sw_version.SCO=0b18346#x00#x00#x00#x00#x00#x00#x00#x00; sw_version.SCO (BL)=0b18346#x00#x00#x00#x00#x00#x00#x00#x00; sw_version.Unknown_7=
2026-08-06,4,https://github.com/Scania-Goldcup/BMS_Minions/actions/runs/31059807721,31059807721,Scania-Goldcup/BMS_Minions,BMS_Minions,sw_version.ACO=0b18346; sw_version.ACO (RCSW)=d8b746f+; sw_version.HSE=2.40.0; sw_version.SCO=0b18346#x00#x00#x00#x00#x00#x00#x00#x00; sw_version.SCO (BL)=0b18346#x00#x00#x00#x00#x00#x00#x00#x00; sw_version.Unknown_7=
2026-08-06,2,https://github.com/Scania-Goldcup/BMS_Minions/actions/runs/31059807721,31059807721,Scania-Goldcup/BMS_Minions,BMS_Minions,sw_version.ACO=0b18346; sw_version.ACO (RCSW)=d8b746f+; sw_version.HSE=2.40.0; sw_version.SCO=0b18346#x00#x00#x00#x00#x00#x00#x00#x00; sw_version.SCO (BL)=0b18346#x00#x00#x00#x00#x00#x00#x00#x00; sw_version.Unknown_7=
2026-08-06,4,https://github.com/Scania-Goldcup/BMS_Minions/actions/runs/31073030047,31073030047,Scania-Goldcup/BMS_Minions,BMS_Minions,sw_version.ACO=0b18346; sw_version.ACO (RCSW)=d8b746f+; sw_version.HSE=2.40.0; sw_version.SCO=0b18346#x00#x00#x00#x00#x00#x00#x00#x00; sw_version.SCO (BL)=0b18346#x00#x00#x00#x00#x00#x00#x00#x00; sw_version.Unknown_7=
2026-08-07,2,https://github.com/Scania-Goldcup/BMS_Minions/actions/runs/31137076791,31137076791,Scania-Goldcup/BMS_Minions,BMS_Minions,sw_version.ACO=0b18346; sw_version.ACO (RCSW)=8218463; sw_version.HSE=2.40.0; sw_version.SCO=0b18346#x00#x00#x00#x00#x00#x00#x00#x00; sw_version.SCO (BL)=0b18346#x00#x00#x00#x00#x00#x00#x00#x00; sw_version.Unknown_7=
2026-08-07,4,https://github.com/Scania-Goldcup/BMS_Minions/actions/runs/31137328591,31137328591,Scania-Goldcup/BMS_Minions,BMS_Minions,sw_version.ACO=0b18346; sw_version.ACO (RCSW)=d8b746f+; sw_version.HSE=2.40.0; sw_version.SCO=0b18346#x00#x00#x00#x00#x00#x00#x00#x00; sw_version.SCO (BL)=0b18346#x00#x00#x00#x00#x00#x00#x00#x00; sw_version.Unknown_7=
2026-08-08,2,https://github.com/Scania-Goldcup/BMS_Minions/actions/runs/31229385345,31229385345,Scania-Goldcup/BMS_Minions,BMS_Minions,sw_version.ACO=0b18346; sw_version.ACO (RCSW)=8218463; sw_version.HSE=2.40.0; sw_version.SCO=0b18346#x00#x00#x00#x00#x00#x00#x00#x00; sw_version.SCO (BL)=0b18346#x00#x00#x00#x00#x00#x00#x00#x00; sw_version.Unknown_7=
2026-08-08,2,https://github.com/Scania-Goldcup/BMS_Minions/actions/runs/31229385345,31229385345,Scania-Goldcup/BMS_Minions,BMS_Minions,sw_version.ACO=0b18346; sw_version.ACO (RCSW)=8218463; sw_version.HSE=2.40.0; sw_version.SCO=0b18346#x00#x00#x00#x00#x00#x00#x00#x00; sw_version.SCO (BL)=0b18346#x00#x00#x00#x00#x00#x00#x00#x00; sw_version.Unknown_7=
2026-08-08,2,https://github.com/Scania-Goldcup/BMS_Minions/actions/runs/31229635092,31229635092,Scania-Goldcup/BMS_Minions,BMS_Minions,sw_version.ACO=0b18346; sw_version.ACO (RCSW)=d8b746f+; sw_version.HSE=2.40.0; sw_version.SCO=0b18346#x00#x00#x00#x00#x00#x00#x00#x00; sw_version.SCO (BL)=0b18346#x00#x00#x00#x00#x00#x00#x00#x00; sw_version.Unknown_7=
2026-08-08,4,https://github.com/Scania-Goldcup/BMS_Minions/actions/runs/31239343045,31239343045,Scania-Goldcup/BMS_Minions,BMS_Minions,sw_version.ACO=0b18346; sw_version.ACO (RCSW)=d8b746f+; sw_version.HSE=2.40.0; sw_version.SCO=0b18346#x00#x00#x00#x00#x00#x00#x00#x00; sw_version.SCO (BL)=0b18346#x00#x00#x00#x00#x00#x00#x00#x00; sw_version.Unknown_7=
2026-08-09,2,https://github.com/Scania-Goldcup/BMS_Minions/actions/runs/31285613057,31285613057,Scania-Goldcup/BMS_Minions,BMS_Minions,sw_version.ACO=0b18346; sw_version.ACO (RCSW)=8218463; sw_version.HSE=2.40.0; sw_version.SCO=0b18346#x00#x00#x00#x00#x00#x00#x00#x00; sw_version.SCO (BL)=0b18346#x00#x00#x00#x00#x00#x00#x00#x00; sw_version.Unknown_7=
2026-08-09,2,https://github.com/Scania-Goldcup/BMS_Minions/actions/runs/31285838047,31285838047,Scania-Goldcup/BMS_Minions,BMS_Minions,sw_version.ACO=0b18346; sw_version.ACO (RCSW)=d8b746f+; sw_version.HSE=2.40.0; sw_version.SCO=0b18346#x00#x00#x00#x00#x00#x00#x00#x00; sw_version.SCO (BL)=0b18346#x00#x00#x00#x00#x00#x00#x00#x00; sw_version.Unknown_7=
2026-08-09,2,https://github.com/Scania-Goldcup/BMS_Minions/actions/runs/31294613423,31294613423,Scania-Goldcup/BMS_Minions,BMS_Minions,sw_version.ACO=0b18346; sw_version.ACO (RCSW)=d8b746f+; sw_version.HSE=2.40.0; sw_version.SCO=0b18346#x00#x00#x00#x00#x00#x00#x00#x00; sw_version.SCO (BL)=0b18346#x00#x00#x00#x00#x00#x00#x00#x00; sw_version.Unknown_7=
2026-08-10,2,https://github.com/Scania-Goldcup/BMS_Minions/actions/runs/31343786432,31343786432,Scania-Goldcup/BMS_Minions,BMS_Minions,sw_version.ACO=0b18346; sw_version.ACO (RCSW)=8218463; sw_version.HSE=2.40.0; sw_version.SCO=0b18346#x00#x00#x00#x00#x00#x00#x00#x00; sw_version.SCO (BL)=0b18346#x00#x00#x00#x00#x00#x00#x00#x00; sw_version.Unknown_7=
2026-08-10,2,https://github.com/Scania-Goldcup/BMS_Minions/actions/runs/31344085834,31344085834,Scania-Goldcup/BMS_Minions,BMS_Minions,sw_version.ACO=0b18346; sw_version.ACO (RCSW)=d8b746f+; sw_version.HSE=2.40.0; sw_version.SCO=0b18346#x00#x00#x00#x00#x00#x00#x00#x00; sw_version.SCO (BL)=0b18346#x00#x00#x00#x00#x00#x00#x00#x00; sw_version.Unknown_7=
2026-08-10,4,https://github.com/Scania-Goldcup/BMS_Minions/actions/runs/31355780435,31355780435,Scania-Goldcup/BMS_Minions,BMS_Minions,sw_version.ACO=0b18346; sw_version.ACO (RCSW)=d8b746f+; sw_version.HSE=2.40.0; sw_version.SCO=0b18346#x00#x00#x00#x00#x00#x00#x00#x00; sw_version.SCO (BL)=0b18346#x00#x00#x00#x00#x00#x00#x00#x00; sw_version.Unknown_7=
2026-08-10,2,https://github.com/Scania-Goldcup/BMS_Minions/actions/runs/31366083930,31366083930,Scania-Goldcup/BMS_Minions,BMS_Minions,sw_version.ACO=0b18346; sw_version.ACO (RCSW)=d8b746f+; sw_version.HSE=2.40.0; sw_version.SCO=0b18346#x00#x00#x00#x00#x00#x00#x00#x00; sw_version.SCO (BL)=0b18346#x00#x00#x00#x00#x00#x00#x00#x00; sw_version.Unknown_7=
2026-08-10,2,https://github.com/Scania-Goldcup/BMS_Minions/actions/runs/31375462415,31375462415,Scania-Goldcup/BMS_Minions,BMS_Minions,sw_version.ACO=0b18346; sw_version.ACO (RCSW)=8218463; sw_version.HSE=2.40.0; sw_version.SCO=0b18346#x00#x00#x00#x00#x00#x00#x00#x00; sw_version.SCO (BL)=0b18346#x00#x00#x00#x00#x00#x00#x00#x00; sw_version.Unknown_7=
2026-08-11,2,https://github.com/Scania-Goldcup/BMS_Minions/actions/runs/31445156554,31445156554,Scania-Goldcup/BMS_Minions,BMS_Minions,sw_version.ACO=0b18346; sw_version.ACO (RCSW)=8218463; sw_version.HSE=2.40.0; sw_version.SCO=0b18346#x00#x00#x00#x00#x00#x00#x00#x00; sw_version.SCO (BL)=0b18346#x00#x00#x00#x00#x00#x00#x00#x00; sw_version.Unknown_7=
2026-08-11,4,https://github.com/Scania-Goldcup/BMS_Minions/actions/runs/31445506013,31445506013,Scania-Goldcup/BMS_Minions,BMS_Minions,sw_version.ACO=0b18346; sw_version.ACO (RCSW)=d8b746f+; sw_version.HSE=2.40.0; sw_version.SCO=0b18346#x00#x00#x00#x00#x00#x00#x00#x00; sw_version.SCO (BL)=0b18346#x00#x00#x00#x00#x00#x00#x00#x00; sw_version.Unknown_7=
2026-08-11,2,https://github.com/Scania-Goldcup/BMS_Minions/actions/runs/31458651189,31458651189,Scania-Goldcup/BMS_Minions,BMS_Minions,sw_version.ACO=0b18346; sw_version.ACO (RCSW)=d8b746f+; sw_version.HSE=2.40.0; sw_version.SCO=0b18346#x00#x00#x00#x00#x00#x00#x00#x00; sw_version.SCO (BL)=0b18346#x00#x00#x00#x00#x00#x00#x00#x00; sw_version.Unknown_7=
2026-08-11,2,https://github.com/Scania-Goldcup/bms-pp/actions/runs/31499995818,31499995818,Scania-Goldcup/bms-pp,bms-pp,sw_version.ACO=3be4bae; sw_version.ACO (RCSW)=d8b746f+; sw_version.HSE=2.40.0; sw_version.SCO=3be4bae#x00#x00#x00#x00#x00#x00#x00#x00; sw_version.SCO (BL)=3be4bae#x00#x00#x00#x00#x00#x00#x00#x00; sw_version.Unknown_7=
2026-08-12,2,https://github.com/Scania-Goldcup/bms-pp/actions/runs/31591930531,31591930531,Scania-Goldcup/bms-pp,bms-pp,sw_version.ACO=24e4882; sw_version.ACO (RCSW)=d8b746f+; sw_version.HSE=2.40.0; sw_version.SCO=24e4882#x00#x00#x00#x00#x00#x00#x00#x00; sw_version.SCO (BL)=24e4882#x00#x00#x00#x00#x00#x00#x00#x00; sw_version.Unknown_7=
2026-08-13,2,https://github.com/Scania-Goldcup/bms-pp/actions/runs/31646214218,31646214218,Scania-Goldcup/bms-pp,bms-pp,sw_version.ACO=587c899; sw_version.ACO (RCSW)=d8b746f+; sw_version.HSE=2.40.0; sw_version.SCO=587c899#x00#x00#x00#x00#x00#x00#x00#x00; sw_version.SCO (BL)=587c899#x00#x00#x00#x00#x00#x00#x00#x00; sw_version.Unknown_7=
2026-08-13,2,https://github.com/Scania-Goldcup/BMS_Minions/actions/runs/31654196648,31654196648,Scania-Goldcup/BMS_Minions,BMS_Minions,sw_version.ACO=a8010d6; sw_version.ACO (RCSW)=d8b746f+; sw_version.HSE=2.40.0; sw_version.SCO=a8010d6#x00#x00#x00#x00#x00#x00#x00#x00; sw_version.SCO (BL)=a8010d6#x00#x00#x00#x00#x00#x00#x00#x00; sw_version.Unknown_7=
2026-08-13,2,https://github.com/Scania-Goldcup/bms-pp/actions/runs/31713211563,31713211563,Scania-Goldcup/bms-pp,bms-pp,sw_version.ACO=6d0802a; sw_version.ACO (RCSW)=d8b746f+; sw_version.HSE=2.40.0; sw_version.SCO=6d0802a#x00#x00#x00#x00#x00#x00#x00#x00; sw_version.SCO (BL)=6d0802a#x00#x00#x00#x00#x00#x00#x00#x00; sw_version.Unknown_7=
2026-08-13,2,https://github.com/Scania-Goldcup/bms-pp/actions/runs/31713211563,31713211563,Scania-Goldcup/bms-pp,bms-pp,sw_version.ACO=6d0802a; sw_version.ACO (RCSW)=8218463; sw_version.HSE=2.40.0; sw_version.SCO=6d0802a#x00#x00#x00#x00#x00#x00#x00#x00; sw_version.SCO (BL)=6d0802a#x00#x00#x00#x00#x00#x00#x00#x00; sw_version.Unknown_7=
2026-08-19,2,https://github.com/Scania-Goldcup/bms-pp/actions/runs/32235558547,32235558547,Scania-Goldcup/bms-pp,bms-pp,sw_version.ACO=5c6d833; sw_version.ACO (RCSW)=d8b746f+; sw_version.HSE=2.40.0; sw_version.SCO=5c6d833#x00#x00#x00#x00#x00#x00#x00#x00; sw_version.SCO (BL)=5c6d833#x00#x00#x00#x00#x00#x00#x00#x00; sw_version.Unknown_7=
2026-08-21,2,https://github.com/Scania-Goldcup/BMS_Minions/actions/runs/32472820314,32472820314,Scania-Goldcup/BMS_Minions,BMS_Minions,sw_version.ACO=2d17c43; sw_version.ACO (RCSW)=d8b746f+; sw_version.HSE=2.40.0; sw_version.SCO=2d17c43#x00#x00#x00#x00#x00#x00#x00#x00; sw_version.SCO (BL)=2d17c43#x00#x00#x00#x00#x00#x00#x00#x00; sw_version.Unknown_7=
